File.name,Appendage,Species,Calib.File,Pixels.Per.mm,Group,5fPriorStart.x,5fPriorStart.y,5fPriorEnd.x,5fPriorEnd.y,CycleStart.x,CycleStart.y,CycleEnd.X,CycleEnd.y,5fPostStart.x,5fPostStart.y,5fPostEnd.x,5fPostEnd.y,PriorDistance.pixels,StanceDistance.pixels,PostDistance.pixels,PriorDuration.s,StanceDuration.frames,StanceDuration.s,PostDuration.s,PriorSpeed.cm.s,StanceSpeed.cm.s,PostSpeed.cm.s
af01f32,Pec,af,cal07,3.379090909,FL,97,263,105.5,264.5,107.5,264.5,280,261.5,305.5,263.5,328,265.5,8.631338251,172.526085,22.588714,0.05,70,0.7,0.05,5.108674779,7.293850397,13.36969889
af01f34,Pec,af,cal07,3.379090909,FL,97.5,260.5,115.5,264.5,120,265,298,263,302.5,263.5,326.5,263,18.43908891,178.0112356,24.00520777,0.05,61,0.61,0.05,10.91363885,8.63610082,14.20808638
af01f35,Pec,af,cal07,3.379090909,FL,104,267,121.5,268,124,268,287.5,264,293,265,316.5,266,17.52854814,163.5489223,23.52126697,0.05,50,0.5,0.05,10.37471238,9.680054591,13.92165384
af01f37,Pel,af,cal07,3.379090909,HL,126.333,258.333,142.333,259,147,259,335,258.333,342,258.667,361.333,258,16.01389675,188.0011832,19.34450253,0.05,55,0.55,0.05,9.478227829,10.11574836,11.44953069
af01f40,Pec,af,cal08,3.409090909,FL,143.333,265.333,158.667,266.667,160,266.667,330,268,337,266.5,358.5,265.5,15.3919171,170.0052261,21.52324325,0.05,45,0.45,0.05,9.029924698,11.08182214,12.62696937
af01f41,Pec,af,cal08,3.409090909,FL,118.667,267.667,132.667,268.333,134,268.333,294,265.333,299.5,265.5,326,265.5,14.01583233,160.0281225,26.5,0.05,64,0.64,0.05,8.222621636,7.334622283,15.54666667
af01f43,Pec,af,cal08,3.409090909,FL,117.333,266.333,126,266.333,126.667,265.667,274,265,277.33,265.333,288.667,267.333,8.667,147.3345098,11.51206189,0.05,86,0.86,0.05,5.08464,5.025363125,6.753742977
af01f44,Pel,af,cal08,3.409090909,HL,159,259,173.667,259.667,178,259.667,347.333,258.333,350,258,358,258,14.68215849,169.3382545,8,0.05,96,0.96,0.05,8.613532982,5.174224444,4.693333333
af01f45,Pec,af,cal08,3.409090909,FL,144,260.333,165,264,170,264.333,338.667,265.333,343.333,266,364.667,265.333,21.31775994,168.6699644,21.34442421,0.05,49,0.49,0.05,12.50641917,10.09724957,12.52206221
af01f46,Pec,af,cal08,3.409090909,FL,161,261.5,175.5,263.5,177.5,264.5,330,260.5,333.5,260.5,357.5,259.5,14.63728117,152.55245,24.0208243,0.05,64,0.64,0.05,8.587204952,6.991987292,14.09221692
af01f51,Pel,af,cal11,3.304272727,HL,162.333,253.333,167,258,181,256.667,366.667,260.333,370.667,260.333,382,260,6.600134696,185.7031891,11.33789125,0.05,62,0.62,0.05,3.994909162,9.064665585,6.862563829
af01f52,Pel,af,cal11,3.304272727,HL,118,247.333,142.667,248,147.333,250.667,326,248,332,248,360.667,248.667,24.67601625,178.6869043,28.67475855,0.05,42,0.42,0.05,14.93582297,12.87560215,17.35616937
af01f53,Pel,af,cal11,3.304272727,HL,138,252,155.333,254,160,255.333,356,255,360,255.667,379.333,254.333,17.4480053,196.0002829,19.37896914,0.05,51,0.51,0.05,10.56087481,11.63082808,11.72964264
af01f56,Pel,af,cal11,3.304272727,HL,134.667,249.333,147.333,254,151.333,254,348,255.667,352,256.333,370.667,253.667,13.49846084,196.6740648,18.85641655,0.05,60,0.6,0.05,8.170306722,9.920189255,11.41335362
af01f58,Pel,af,cal11,3.304272727,HL,133,257,140,258,142,257,317,253,318,253,321,256,7.071067812,175.0457083,4.242640687,0.05,100,1,0.05,4.279954105,5.297556309,2.567972463
af01f65,Pec,af,cal21,6.426022727,FL,297,440,331,438,334,439,673,441,675,441,691,439,34.05877273,339.0058997,16.1245155,0.05,58,0.58,0.05,10.60026526,9.095718382,5.018505592
af01f68,Pec,af,cal21,6.426022727,FL,311,438,349,438,355,438,679,443,686,443,707,441,38,324.038578,21.09502311,0.05,63,0.63,0.05,11.82691117,8.004125895,6.565499067
af04f34,Pel,af,cal05,3.394477273,HL,182,252.5,199.5,254.5,202,255,389,251,392.5,251.5,403,253.5,17.61391495,187.0427759,10.68877916,0.05,83,0.83,0.05,10.37798373,6.638805445,6.297746784
af04f37,Pel,af,cal05,3.394477273,HL,128.5,249,148,252,152,254,353,248,357.5,248,378,249,19.72941966,201.0895323,20.52437575,0.05,53,0.53,0.05,11.62442289,11.17739733,12.09280493
af04f47,Pec,af,cal08,3.409090909,FL,102.5,232.5,125,242.5,131.5,245.5,291,259,298.5,258,326,255,24.6221445,160.0702971,27.66315239,0.05,41,0.41,0.05,14.44499144,11.45218385,16.2290494
af04f62,Pel,af,cal10,3.39425,HL,120,250.5,152.5,248.5,160,249,343,248,347,248,364,249,32.56148031,183.0027322,17.02938637,0.05,54,0.54,0.05,19.1862593,9.98435438,10.03425579
af04f63,Pec,af,cal10,3.39425,FL,152,251.5,165.5,255.5,169,256,307.5,260,310,259,329,256.5,14.08012784,138.5577497,19.1637679,0.05,43,0.43,0.05,8.296458917,9.493329156,11.29190124
af04f64,Pec,af,cal10,3.39425,FL,102,245.667,124.667,247.667,128.667,249,286.333,263.333,291,263.333,305,262.667,22.75506293,158.3161471,14.01583233,0.05,40,0.4,0.05,13.40800644,11.66061333,8.258573961
af04f69,Pel,af,cal10,3.39425,HL,209,252,225.667,249.667,231,249,414,248,418,249,435,251,16.82949132,183.0027322,17.11724277,0.05,76,0.76,0.05,9.916471278,7.094146533,10.08602358
af04f74,Pel,af,cal11,3.304272727,HL,154,249,170,249,173,249,353,246.667,355,247.333,368,247,16,180.0151185,13.00426426,0.05,67,0.67,0.05,9.684430627,8.131268316,7.871180944
af04f76,Pec,af,cal11,3.304272727,FL,144,251,161,252,164,252,323,258,328,259,352,260,17.02938637,159.1131673,24.0208243,0.05,49,0.49,0.05,10.30749443,9.827298663,14.53925041
af04f79,Pec,af,cal11,3.304272727,FL,115,247,136.667,251,143,253,291,258.667,297,259,322,258,22.03313162,148.1084565,25.01999201,0.05,45,0.45,0.05,13.33614592,9.960736613,15.14402355
af04f83,Pec,af,cal11,3.304272727,FL,132,256,152,256.667,155.333,256.667,313,259,317,259.667,339,257,20.01111913,157.6842598,22.16106696,0.05,51,0.51,0.05,12.11226844,9.357121781,13.41358223
af04f85,Pec,af,cal12,3.333636364,FL,125.333,258.333,148,265.667,153.333,267.667,302,257,308,257,331,255,23.82394688,149.0491925,23.08679276,0.05,47,0.47,0.05,14.29306876,9.512913433,13.85081649
af04f86,Pel,af,cal12,3.333636364,HL,207,246,215,247.333,218,247,384.667,246,387,247,394,246.667,8.110295247,166.67,7.007916167,0.05,93,0.93,0.05,4.865734809,5.375962888,4.204367485
af04f87,Pel,af,cal12,3.333636364,HL,200.667,248.667,209,249,211.333,248.667,394,248,398,249,404,248.333,8.339650952,182.6682178,6.036960245,0.05,98,0.98,0.05,5.003335722,5.59137591,3.621846888
af04f89,Pec,af,cal12,3.333636364,FL,106.667,257.333,133.333,255.667,135.333,256.333,320.667,262.333,325.333,262.333,347,262,26.71799229,185.4310965,21.66955879,0.05,44,0.44,0.05,16.02933816,12.64188005,13.0005534
af04f92,Pel,af,cal12,3.333636364,HL,216,252,230,251,232,251,420,249,424,249,439,251,14.03566885,188.010638,15.13274595,0.05,61,0.61,0.05,8.420635796,9.245584312,9.078822223
af04f95,Pel,af,cal12,3.333636364,HL,171,250,183,250,186,250,370,249.667,369.333,250,372,251,12,184.0003013,2.848313361,0.05,86,0.86,0.05,7.199345514,6.418031705,1.708832668
af04f96,Pec,af,cal12,3.333636364,FL,111.333,258.333,138.667,263.667,143.333,265.667,313,262,317.333,263,342,262,27.8495801,169.7066227,24.68726167,0.05,55,0.55,0.05,16.70822913,9.255883429,14.81101055
af04f98,Pec,af,cal12,3.333636364,FL,110.667,258.333,127,260,130,261,297,264,300,264,319.333,263.333,16.41784937,167.0269439,19.34450253,0.05,58,0.58,0.05,9.849814186,8.638539364,11.60564646
af04f99,Pel,af,cal12,3.333636364,HL,154,248,172.667,248.667,178,250,367,250,370,251,377,252,18.67891266,189,7.071067812,0.05,62,0.62,0.05,11.20632884,9.144329988,4.242255028
af05f29,Pec,af,cal05,3.394477273,FL,89,262,106,260,110,260,305,265.333,308,265,316.333,265.333,17.11724277,195.0729117,8.339650952,0.05,88,0.88,0.05,10.08534828,6.530424142,4.913658441
af05f32,Pel,af,cal05,3.394477273,HL,126,251.333,141.333,254,144,254,358,252.333,362.667,252.333,375.333,252.333,15.56321875,214.0064926,12.666,0.05,77,0.77,0.05,9.169729242,8.187726344,7.462710151
af05f40,Pel,af,cal07,3.379090909,HL,140,250,167.333,250.667,174,251.333,368.667,248,372,249.333,391.333,252.667,27.3411371,194.695531,19.61837009,0.05,54,0.54,0.05,16.18254012,10.66994909,11.6116261
af05f44,Pec,af,cal07,3.379090909,FL,108,263,120.667,265,124,266,297,268,300,267,314.667,263.333,12.82391863,173.0115603,15.11845819,0.05,52,0.52,0.05,7.590158995,9.846273687,8.948239982
af05f46,Pel,af,cal07,3.379090909,HL,116,249,155.333,250.667,223.333,218,337,250,341,252,361,253,39.36830931,118.0855067,20.02498439,0.05,53,0.53,0.05,23.30112469,6.593573502,11.85229101
af05f51,Pel,af,cal07,3.379090909,HL,131.333,251.667,162,251,168,251,368,252.667,372,254,390,252.667,30.67425269,200.0069471,18.04929054,0.05,50,0.5,0.05,18.15532847,11.83791454,10.68292687
af05f55,Pec,af,cal08,3.409090909,FL,170,258,192,259.333,196,260,368,263,373,263,394.667,259.667,22.04034684,172.0261608,21.92185617,0.05,36,0.36,0.05,12.93033682,14.01694644,12.86082229
af05f55,Pel,af,cal08,3.409090909,HL,138.667,248.333,170.667,249,176.667,249,367,248,371.333,249.333,392,248,32.00695064,190.335627,20.70994394,0.05,52,0.52,0.05,18.77741104,10.73688152,12.14983378
af05f58,Pel,af,cal08,3.409090909,HL,151,254,181,253,189.333,254,387.333,246.667,392.667,246.667,418,246.667,30.01666204,198.1357436,25.333,0.05,44,0.44,0.05,17.60977506,13.20904957,14.86202667
af05f59,Pec,af,cal08,3.409090909,FL,102.667,256.333,113,256,116.667,258.333,295,264.333,299,263,316.667,259.667,10.33836438,178.4339062,17.97864784,0.05,54,0.54,0.05,6.065173768,9.692706017,10.5474734
af05f60,Pel,af,cal08,3.409090909,HL,191,247,205,247.667,208.333,248.333,390,247,394.667,248,406.667,250.667,14.01587989,181.6718904,12.29279826,0.05,57,0.57,0.05,8.222649534,9.349196701,7.211774978
af05f61,Pec,af,cal08,3.409090909,FL,105.333,264.333,114,266,118,266,280,263,282,263,290,263,8.825858485,162.0277754,8,0.05,104,1.04,0.05,5.177836978,4.570014178,4.693333333
af05f62,Pec,af,cal08,3.409090909,FL,140,257,158,266.333,162,267,344,259.333,350,259,367.333,254.667,20.27572166,182.1614199,17.86638682,0.05,44,0.44,0.05,11.89509004,12.14409466,10.4816136
af05f64,Pec,af,cal08,3.409090909,FL,152.667,259.667,173.333,261,178,263,374,261,381,261,402,256,20.70894601,196.0102038,21.58703314,0.05,48,0.48,0.05,12.14924833,11.97840134,12.66439278
af05f65,Pec,af,cal11,3.304272727,FL,88,254,116.667,256.667,122,258,324.667,263.333,328.667,264,350.667,263.333,28.79079329,202.7371544,22.01010879,0.05,45,0.45,0.05,17.42640252,13.63467991,13.32221073
af05f67,Pec,af,cal11,3.304272727,FL,98,257,123,263,128,265,317.333,268.333,323.333,267,338,258,25.70992026,189.3623346,17.20816344,0.05,43,0.43,0.05,15.5616212,13.32751739,10.41570407
af05f69,Pel,af,cal11,3.304272727,HL,132,246,148,246,127,247,323,248,174,248,191,250.333,16,196.002551,17.15933824,0.05,76,0.76,0.05,9.684430627,7.804988108,10.3861513
af05f71,Pec,af,cal11,3.304272727,FL,158,256.333,180,262.333,185.333,263,366.667,264,371.333,264,390.667,262,22.8035085,181.3367573,19.43716944,0.05,44,0.44,0.05,13.80243726,12.47260828,11.76486994
af05f71,Pel,af,cal11,3.304272727,HL,139,249,166,247,172.667,248.667,386.667,252,391.333,254.667,406.667,254,27.07397274,214.0259538,15.34849976,0.05,54,0.54,0.05,16.38725068,11.99490452,9.290092574
af05f72,Pel,af,cal12,3.333636364,HL,189,255,202,252,205,251,372,247,376,247,381.333,248.667,13.34166406,167.0478973,5.587466152,0.05,81,0.81,0.05,8.004270777,6.18639676,3.352174948
af06f08,Pec,af,cal16,6.367181818,FL,247,515,279,517,288,519,615.667,524.333,625,525,664,524,32.06243908,327.7103962,39.01281841,0.05,58,0.58,0.05,10.0711555,8.873909064,12.25434408
af06f09,Pec,af,cal16,6.367181818,FL,372.333,514.333,394,515,402,515,727.667,519,740,523,790.333,528.333,21.67726408,325.691564,50.61473874,0.05,51,0.51,0.05,6.809060806,10.02972631,15.89863151
af06f12,Pec,af,cal17,6.365431818,FL,256,480.333,280,479,284,479,590.667,476.333,600,477.667,653,481,24.03699002,306.6785969,53.10469743,0.05,41,0.41,0.05,7.552351734,11.7509165,16.68534011
af06f15,Pel,af,cal17,6.365431818,HL,400,462.333,429.333,462.333,434,464,803.667,461,807.667,462.333,815,463,29.333,369.6791729,7.363272235,0.05,60,0.6,0.05,9.216342532,9.679342619,2.313518531
af06f19,Pec,af,cal17,6.365431818,FL,281,476.333,291,474,290.333,472.333,624,478,633,478,675.667,479,10.2685388,333.7151207,42.67871705,0.05,55,0.55,0.05,3.22634476,9.53202834,13.40952767
af06f21,Pec,af,cal17,6.365431818,FL,370.333,479.667,386.333,477,388,475,701,475.667,713,479.667,754.333,478.333,16.22075488,313.0007107,41.35452146,0.05,48,0.48,0.05,5.09651359,10.24415676,12.9934693
af06f28,Pec,af,cal18,6.455681818,FL,248,477,269,477,273.333,478.333,648,479,661,480,715.667,479.667,21,374.6675937,54.66801421,0.05,56,0.56,0.05,6.505896849,10.36372754,16.93640292
af06f30,Pec,af,cal18,6.455681818,FL,231,478,260,480,269.333,480.333,601,472,613.333,476.333,664,480.333,29.06888371,331.7716651,50.82464844,0.05,55,0.55,0.05,9.005674234,9.344035631,15.74571048
af06f33,Pec,af,cal18,6.455681818,FL,324,479,342.333,479.667,347.667,478.333,711.667,475,723.667,476.333,795,480,18.34512954,364.0152591,71.42719215,0.05,49,0.49,0.05,5.683405738,11.50751082,22.12847354
af06f34,Pec,af,cal19,6.424522727,FL,279,447,292.333,443,299,443,636.333,445.667,646,446,685.667,445.667,13.9200894,337.3435427,39.66839772,0.05,52,0.52,0.05,4.333423663,10.09783309,12.3490567
af06f40,Pec,af,cal19,6.424522727,FL,309,444.333,338.333,447,342.333,447,675,441,685,443,738.333,448.333,29.45399426,332.7211038,53.5989718,0.05,53,0.53,0.05,9.16923965,9.771553376,16.68574432
af06f41,Pel,af,cal19,6.424522727,HL,417,434.333,440,434,445,434.333,857,435,865,435.667,891,433,23.0024105,412.0005399,26.13642839,0.05,65,0.65,0.05,7.160815357,9.866055603,8.136457602
af06f46,Pel,af,cal20,6.455681818,HL,354.333,425,395.667,419.667,401,420,761,413.667,775.667,417.667,827.667,427,41.67661749,360.0556997,52.83090846,0.05,45,0.45,0.05,12.9116083,12.39410181,16.36725909
af06f51,Pel,af,cal20,6.455681818,HL,427,423,459,423.667,466,423,855.667,420.333,863,421,889,421.667,32.00695064,389.6761268,26.00855415,0.05,60,0.6,0.05,9.915900919,10.06028843,8.057570024
af06f54,Pel,af,cal21,6.426022727,HL,327,422,393,424.333,403.667,425.667,815,424,827.667,426.333,899.667,433,66.04122113,411.3363779,72.308014,0.05,32,0.32,0.05,20.55430674,20.00344903,22.50474892
af06f55,Pel,af,cal21,6.426022727,HL,406,420,446,427,455,427.667,869,426,881,427,925,426,40.60788101,414.0033561,44.01136217,0.05,50,0.5,0.05,12.63857373,12.88521294,13.6978545
af06f56,Pel,af,cal21,6.426022727,HL,372,428,404,428,409,427.667,821,428,833,430.333,875,432,32,412.0001346,42.03306899,0.05,59,0.59,0.05,9.959504147,10.8668354,13.0821414
af06f59,Pel,af,cal21,6.426022727,HL,441,428.333,481,425.667,488,425,895.667,423,910.333,425.667,957,428.333,40.088746,407.6719059,46.74308981,0.05,46,0.46,0.05,12.477001,13.79147431,14.5480624
af06f61,Pel,af,cal21,6.426022727,HL,378.333,430.333,413,429,418.333,429,800,427,812,429,849,433,34.69261849,381.6722401,37.21558813,0.05,54,0.54,0.05,10.79753993,10.99903431,11.58277514
af06f63,Pel,af,cal21,6.426022727,HL,465,428.333,479.667,428.333,483.667,427,869,429.667,877,429.667,895.667,431,14.667,385.3422294,18.71453387,0.05,62,0.62,0.05,4.564876479,9.671919183,5.824608678
af07f02,Pel,af,cal15,4.000068182,HL,494,525,541,519,547,519,762,509,773,510,835,513,47.38143096,215.2324325,62.07253821,0.05,34,0.34,0.05,23.69031167,15.8256444,31.03574009
af07f06,Pel,af,cal15,4.000068182,HL,530,520,544,521,548,522,772.333,521,776.333,521,795.667,519.667,14.03566885,224.3352288,19.37989796,0.05,69,0.69,0.05,7.017714804,8.127949456,9.689783814
af07f07,Pec,af,cal15,4.000068182,FL,496,534,504,536,506,535,682,524,688,524,719,525,8.246211251,176.343415,31.01612484,0.05,56,0.56,0.05,4.123035347,7.872339695,15.50779808
af07f08,Pec,af,cal15,4.000068182,FL,538,532,551,531,555,531,709,522,715,523,755,531,13.03840481,154.2627628,40.79215611,0.05,44,0.44,0.05,6.519091284,8.764780307,20.3957304
af07f08,Pel,af,cal15,4.000068182,HL,502,515,518,514,521,514,746,517,753,518,783,518,16.03121954,225.0199991,30,0.05,53,0.53,0.05,8.015473144,10.61396998,14.99974432
af07f11,Pel,af,cal16,6.367181818,HL,349,491.667,366,488,368,488,743,500,751,501,781,503,17.39100023,375.1919509,30.06659276,0.05,72,0.72,0.05,5.462699425,8.184153471,9.444238791
af07f17,Pel,af,cal17,6.365431818,HL,417,446,470,450,478,453,859.667,451,868,451,893,451,53.15072906,381.6722401,25,0.05,42,0.42,0.05,16.69980312,14.27622595,7.854926646
af07f18,Pec,af,cal17,6.365431818,FL,247,483,263,483,267,482,587,468,599,469,665,479,16,320.3061036,66.75327707,0.05,43,0.43,0.05,5.027153053,11.70223697,20.97368379
af07f19,Pec,af,cal17,6.365431818,FL,279,477,299,478,302,478,627,472,638,472,711,477,20.02498439,325.0553799,73.17103252,0.05,51,0.51,0.05,6.29179134,10.01288692,22.99012372
af07f22,Pel,af,cal17,6.365431818,HL,334.333,457,339,458,340,458,706.333,455.667,712,455,737,452,4.772932956,366.3404288,25.17935662,0.05,63,0.63,0.05,1.49964153,9.1351657,7.911279971
af07f27,Pec,af,cal18,6.455681818,FL,454,476,472,471,477,470,761,476,766,476,795,475,18.68154169,284.0633732,29.01723626,0.05,51,0.51,0.05,5.787627773,8.627857165,8.989673616
af07f32,Pel,af,cal18,6.455681818,HL,356,454,383,453,387,453,771,454,777,455,791,455,27.01851217,384.0013021,14,0.05,69,0.69,0.05,8.370459677,8.6206793,4.337264566
af07f33,Pec,af,cal18,6.455681818,FL,353,477,393,477.667,401,478,721,466.333,733,467,793,470.333,40.00556073,320.2126151,60.09250277,0.05,49,0.49,0.05,12.39390721,10.1227903,18.6169345
af07f34,Pec,af,cal18,6.455681818,FL,230,482,255,480,262,480,604,475,616,474,665,469,25.07987241,342.0365478,49.25444142,0.05,42,0.42,0.05,7.769860137,12.61482142,15.25925311
af07f36,Pec,af,cal18,6.455681818,FL,214,479,249,480,254,479,588,471,601,474,658,472,35.0142828,334.0957946,57.03507693,0.05,45,0.45,0.05,10.84758629,11.50049089,17.66972987
af07f40,Pec,af,cal19,6.424522727,FL,267,446,297.667,444.333,303,444,629,443,639,443,699.667,445,30.71227406,326.0015337,60.6999579,0.05,47,0.47,0.05,9.560951176,10.79644845,18.89633222
af07f41,Pec,af,cal19,6.424522727,FL,333,448,354,445,359,445,691,446,705,448.333,764,449,21.21320344,332.001506,59.00377013,0.05,50,0.5,0.05,6.603822365,10.33544499,18.3682968
af07f49,Pel,af,cal20,6.455681818,HL,363,412.333,397,414,405.667,413.667,793,414,812,418,876,422,34.04084148,387.3331431,64.12487817,0.05,34,0.34,0.05,10.54600968,17.64670501,19.86618299
af07f51,Pel,af,cal20,6.455681818,HL,331,423,378,419,390,419,798,421,820,424,881,427,47.16990566,408.0049019,61.07372594,0.05,38,0.38,0.05,14.61345431,16.63181583,18.92092196
af07f53,Pel,af,cal20,6.455681818,HL,420.333,421.333,478,419,489,419,894,415,907,418,962.333,421.667,57.71417311,405.0197526,55.45437564,0.05,46,0.46,0.05,17.880117,13.63880296,17.18002132
af07f57,Pel,af,cal21,6.426022727,HL,398.333,425.667,433,422,440,422,843.667,424.333,855,426,895,430,34.86040416,403.6737417,40.19950248,0.05,60,0.6,0.05,10.84976062,10.46976642,12.51147224
af07f59,Pel,af,cal21,6.426022727,HL,396,416,438.333,419,448,418,815,423,831,424,908,428,42.43916692,367.0340584,77.1038261,0.05,33,0.33,0.05,13.20853309,17.30813081,23.99737112
af07f61,Pel,af,cal21,6.426022727,HL,472.333,417,508.333,418.333,515,419,927,424,935,423,967.667,425,36.02467056,412.0303387,32.7281666,0.05,58,0.58,0.05,11.21212049,11.05500503,10.18613472
pb01f02,Pec,pb,cal05,3.394477273,PF,112,255,114,255,115.333,255,240,253,239.333,253,240,254,2,124.6830417,1.202035357,0.05,50,0.5,0.05,1.178384676,7.346229283,0.708230022
pb01f07,Pec,pb,cal07,3.379090909,PF,106,254.667,108,255,109,255,236,254,238,255,242,256,2.027532737,127.0039369,4.123105626,0.05,45,0.45,0.05,1.20004628,8.352275171,2.440363835
pb01f23,Pec,pb,cal11,3.304272727,PF,127,259.5,131,260,133,260,253.5,258,257,258,266.5,260.5,4.031128874,120.5165964,9.823441352,0.05,38,0.38,0.05,2.439949246,9.598146521,5.945902268
pb01f27,Pec,pb,cal11,3.304272727,PF,130,266,132,266,133,266,234,262,235,262,235,263,2,101.0791769,1,0.05,38,0.38,0.05,1.210553828,8.050117405,0.605276914
pb01f28,Pec,pb,cal12,3.333636364,PF,209,266,216,268,218,268,335,257,339,257,347,259,7.280109889,117.5159564,8.246211251,0.05,44,0.44,0.05,4.367668873,8.011723232,4.947276998
pb01f32,Pec,pb,cal12,3.333636364,PF,123,265,124,266,125,266,236,259,238,260,245,262,1.414213562,111.2205017,7.280109889,0.05,51,0.51,0.05,0.848451006,6.541787745,4.367668873
pb01f33,Pec,pb,cal12,3.333636364,PF,218,260,219,260,220,260,335,263,336,264,339,267,1,115.0391238,4.242640687,0.05,48,0.48,0.05,0.59994546,7.189291664,2.545353017
pb01f35,Pec,pb,cal12,3.333636364,PF,142,266.5,143,267,143,267,254,264,256,265,259,266,1.118033989,111.0405331,3.16227766,0.05,49,0.49,0.05,0.670759415,6.797782008,1.897194124
pb01f37,Pec,pb,cal12,3.333636364,PF,218,267,219,267,220,267,330,261,331,262,333,265,1,110.1635148,3.605551275,0.05,54,0.54,0.05,0.59994546,6.119638938,2.163134117
pb01f40,Pec,pb,cal13,3.348613636,PF,143.5,260.5,144,261,145,261,247.5,259,248,259,249,260,0.707106781,102.5195103,1.414213562,0.05,54,0.54,0.05,0.422328078,5.669538671,0.844656157
pb02f02,Pec,pb,cal16,6.367181818,PF,358,492,362,493,365,492,565,496,569,497,576,501,4.123105626,200.039996,8.062257748,0.05,40,0.4,0.05,1.295111634,7.85433814,2.532441503
pb02f04,Pec,pb,cal20,6.455681818,PF,345,423,349,423,352,423,529,421,531,421,532,422,4,177.0112991,1.414213562,0.05,33,0.33,0.05,1.239218447,8.308926789,0.438129884
pb02f09,Pec,pb,cal24,6.426022727,PF,381,420,384,420,386,419,588,414,590,415,592,417,3,202.0618717,2.828427125,0.05,38,0.38,0.05,0.933703514,8.274819281,0.880304115
pb02f10,Pec,pb,cal24,6.426022727,PF,483,416,489,416,493,416,663,401,670,403,677,408,6,170.6604817,8.602325267,0.05,42,0.42,0.05,1.867407028,6.323265531,2.677340443
pb02f12,Pec,pb,cal26,6.426022727,PF,460.333,417,468,420,472,420,666,403,669,404,681,407,8.233036439,194.7434209,12.36931688,0.05,39,0.39,0.05,2.562405017,7.770624633,3.84975821
pb02f14,Pec,pb,cal26,6.426022727,PF,326,403,333,403,335,402,498,396,500,397,502,400,7,163.1103921,3.605551275,0.05,37,0.37,0.05,2.178641532,6.860213793,1.122171965
pb02f15,Pec,pb,cal26,6.426022727,PF,510,402,516,402,521,401,695,399,699,401,715,408,6,174.0114939,17.4642492,0.05,35,0.35,0.05,1.867407028,7.736911584,5.435476947
pb02f16,Pec,pb,cal27,6.457113636,PF,428,414,433,414,436,413,625,407,625,408,626,409,5,189.0952141,1.414213562,0.05,53,0.53,0.05,1.548679575,5.525431996,0.438032732
pb02f22,Pec,pb,cal29,6.424886364,PF,316,411,321,411,324,410,515,410,520,411,524,411,5,191,4,0.05,26,0.26,0.05,1.556447762,11.43390471,1.245158209
pb02f23,Pec,pb,cal29,6.424886364,PF,406,411,422,410,428,411,585,410,594,408,605,409,16.03121954,157.0031847,11.04536102,0.05,24,0.24,0.05,4.990351155,10.18196897,3.438305487
pb03f02,Pec,pb,cal19,6.424522727,PF,505,420,518,421,525,420,677,420,681,421,684,421,13.03840481,152,3,0.05,36,0.36,0.05,4.058948926,6.572040292,0.933921515
pb03f08,Pec,pb,cal22,6.395727273,PF,449,413,463,411,468,410,636,399,640,399,650,400,14.14213562,168.3597339,10.04987562,0.05,39,0.39,0.05,4.422369817,6.74968783,3.14268423
pb03f09,Pec,pb,cal22,6.395727273,PF,324,404,330,403,333,403,524,404,524,404,524,407,6.08276253,191.0026178,3,0.05,35,0.35,0.05,1.902133181,8.532599059,0.938126306
pb03f10,Pec,pb,cal22,6.395727273,PF,439,406.333,443,406,446,406,588,408,588,408,589,408,4.013837192,142.0140838,1,0.05,45,0.45,0.05,1.255162086,4.934338809,0.312708769
pb03f13,Pec,pb,cal23,6.455681818,PF,482,422,493,422,497,422,684.333,412.333,687,413,695,415,11,187.5822587,8.246211251,0.05,30,0.3,0.05,3.407850731,9.685641475,2.554714276
pb03f16,Pec,pb,cal23,6.455681818,PF,562,412,571,411,576,410,776,420,779,420,779,420,9.055385138,200.2498439,0,0.05,29,0.29,0.05,2.805400078,10.69626296,0
pb03f19,Pec,pb,cal25,6.426818182,PF,545,410.333,565,416,571,416,758.333,413,765,412,779,410,20.78737331,187.3570199,14.14213562,0.05,30,0.3,0.05,6.468947065,9.717458653,4.400975794
pb03f22,Pec,pb,cal25,6.426818182,PF,483,424.333,491,424.333,495,424,700,423,705,423,721,425,8,205.002439,16.1245155,0.05,28,0.28,0.05,2.489567862,11.39213133,5.017884446
pb03f38,Pec,pb,cal27,6.457113636,PF,389,427,392,427,393,427,540,424,541,424,541,426,3,147.0306091,2,0.05,49,0.49,0.05,0.929207745,4.647006145,0.61947183
pb03f39,Pec,pb,cal28,6.394590909,PF,390,415,394,415,397,414,591,414.333,605,416,629,412,4,194.0002858,24.33105012,0.05,30,0.3,0.05,1.251057357,10.11272853,7.609884813
pb04f02,Pec,pb,cal22,6.395727273,PF,445,429,446,427,446,426,607,427,607,427,607,427,2.236067977,161.0031056,0,0.05,42,0.42,0.05,0.699238064,5.993700344,0
pb04f04,Pec,pb,cal22,6.395727273,PF,443,413,451,413,453,413,636,414,637,414,639,414,8,183.0027322,2,0.05,29,0.29,0.05,2.501670149,9.866648112,0.625417537
pb04f05,Pec,pb,cal22,6.395727273,PF,391,416,395,419,397,419,600,413,605,415,609,417,5,203.0886506,4.472135955,0.05,30,0.3,0.05,1.563543843,10.58460031,1.398476128
pb04f06,Pec,pb,cal22,6.395727273,PF,325,421,332,421,335,420,525,420.333,531,422,533,423,7,190.0002918,2.236067977,0.05,24,0.24,0.05,2.18896138,12.37807444,0.699238064
pb04f09,Pec,pb,cal23,6.455681818,PF,490,413,495,414,498,414,687,403,690,404,693,407,5.099019514,189.3198352,4.242640687,0.05,27,0.27,0.05,1.579699761,10.86151075,1.314389651
pb04f10,Pec,pb,cal23,6.455681818,PF,386,405,390,406,394,406,484,396,491,396,510,396,4.123105626,90.55385138,19,0.05,41,0.41,0.05,1.277357138,3.421219607,5.886287625
pb04f12,Pec,pb,cal23,6.455681818,PF,533.667,423,542,423,545,422,714,411,718,413,721,415,8.333,169.3576098,3.605551275,0.05,35,0.35,0.05,2.581601831,7.49539551,1.117016413
pb04f14,Pec,pb,cal24,6.426022727,PF,477,421.667,479,420,479,420,649,412.333,652,414,651,414,2.603629966,170.172803,1,0.05,39,0.39,0.05,0.810339483,6.790211288,0.311234505
pb04f22,Pec,pb,cal28,6.394590909,PF,378,436,381,436,382,435,511,427,518,425,533.667,426.333,3,129.247824,15.72360576,0.05,28,0.28,0.05,0.938293018,7.218591117,4.917783164
pb04f27,Pec,pb,cal29,6.424886364,PF,423,421,423,421,423,421,559.667,407,563,409,566,411,0,137.3822,3.605551275,0.05,30,0.3,0.05,0,7.127607259,1.122370442
pb05f02,Pec,pb,cal27,6.457113636,PF,347,440,348,440,349,439,504,436,504,437,505,439,1,155.0290295,2.236067977,0.05,35,0.35,0.05,0.309735915,6.859722615,0.692590561
pb05f04,Pec,pb,cal28,6.394590909,PF,324,440,327,441,329,440,496,430,500,430,501,430,3.16227766,167.2991333,1,0.05,42,0.42,0.05,0.989047683,6.229190818,0.312764339
pb05f05,Pec,pb,cal28,6.394590909,PF,317.667,441,323,441,325,443,462,440,465,440,466,440,5.333,137.0328428,1,0.05,75,0.75,0.05,1.667972221,2.857265768,0.312764339
pb05f08,Pec,pb,cal29,6.424886364,PF,331,441,336,440,339,440,504,436,505,436,508,436,5.099019514,165.0484777,3,0.05,40,0.4,0.05,1.587271502,6.422233343,0.933868657
pb05f09,Pec,pb,cal29,6.424886364,PF,336.333,441,339,441,342,440,500,435,505,436,508.333,437,2.667,158.0790941,3.479782896,0.05,41,0.41,0.05,0.830209236,6.001020786,1.08322006
pb05f10,Pec,pb,cal29,6.424886364,PF,367,442,371,441,372,440,499.667,443,499.667,443,499.667,443,4.123105626,127.7022431,0,0.05,57,0.57,0.05,1.283479704,3.487050358,0
pb05f11,Pec,pb,cal29,6.424886364,PF,314.333,439.667,315,438,316,438,476,437,476,437,477,437,1.795488234,160.003125,1,0.05,31,0.31,0.05,0.558916729,8.033435669,0.311289552
pb05f12,Pec,pb,cal29,6.424886364,PF,541,441.667,544,440,547,438,694.333,441.667,694.333,441.667,691,441,3.432038607,147.3786273,3.399084877,0.05,32,0.32,0.05,1.068357762,7.168347955,1.05809961
pb05f13,Pec,pb,cal29,6.424886364,PF,348,439,351,440.333,353,439,531,443,531,443,529,441,3.282817235,178.0449381,2.828427125,0.05,35,0.35,0.05,1.021906708,7.917647013,0.880459814
pb05f16,Pec,pb,cal29,6.424886364,PF,385,442.333,388,442,388,440,563,439,565,439,565,439,3.01842492,175.0028571,0,0.05,38,0.38,0.05,0.939604142,7.167968559,0
